a√±o,mes_num,precio,entidad_num
2017,1,16.19,0.0
2017,1,16.07,1.0
2017,1,16.11,2.0
2017,1,15.67,3.0
2017,1,15.86,4.0
2017,1,16.04,5.0
2017,1,16.32,6.0
2017,1,15.8,7.0
2017,1,16.06,8.0
2017,1,16.25,9.0
2017,1,16.1,10.0
2017,1,16.03,11.0
2017,1,15.85,12.0
2017,1,16.46,13.0
2017,1,16.22,14.0
2017,1,15.91,15.0
2017,1,16.16,16.0
2017,1,16.31,17.0
2017,1,16.28,18.0
2017,1,15.86,19.0
2017,1,15.86,20.0
2017,1,16.04,21.0
2017,1,15.89,22.0
2017,1,15.85,23.0
2017,1,16.12,24.0
2017,1,16.12,25.0
2017,1,15.57,26.0
2017,1,15.16,27.0
2017,1,15.79,28.0
2017,1,15.52,29.0
2017,1,15.44,30.0
2017,1,16.19,31.0
2017,2,16.18,0.0
2017,2,16.04,1.0
2017,2,16.07,2.0
2017,2,15.65,3.0
2017,2,15.85,4.0
2017,2,14.26,5.0
2017,2,16.29,6.0
2017,2,15.85,7.0
2017,2,16.02,8.0
2017,2,16.21,9.0
2017,2,16.06,10.0
2017,2,16.02,11.0
2017,2,15.89,12.0
2017,2,16.44,13.0
2017,2,16.22,14.0
2017,2,15.88,15.0
2017,2,16.13,16.0
2017,2,16.29,17.0
2017,2,16.26,18.0
2017,2,15.86,19.0
2017,2,15.86,20.0
2017,2,16.02,21.0
2017,2,15.87,22.0
2017,2,15.82,23.0
2017,2,16.09,24.0
2017,2,16.14,25.0
2017,2,15.56,26.0
2017,2,15.19,27.0
2017,2,15.8,28.0
2017,2,15.53,29.0
2017,2,15.41,30.0
2017,2,16.21,31.0
2017,3,16.1,0.0
2017,3,15.85,1.0
2017,3,16.0,2.0
2017,3,15.56,3.0
2017,3,15.76,4.0
2017,3,14.76,5.0
2017,3,16.21,6.0
2017,3,15.71,7.0
2017,3,15.95,8.0
2017,3,16.15,9.0
2017,3,16.0,10.0
2017,3,15.98,11.0
2017,3,15.78,12.0
2017,3,16.36,13.0
2017,3,16.14,14.0
2017,3,15.81,15.0
2017,3,16.05,16.0
2017,3,16.23,17.0
2017,3,16.18,18.0
2017,3,15.77,19.0
2017,3,15.77,20.0
2017,3,15.95,21.0
2017,3,15.79,22.0
2017,3,15.76,23.0
2017,3,16.02,24.0
2017,3,15.77,25.0
2017,3,15.49,26.0
2017,3,14.15,27.0
2017,3,15.7,28.0
2017,3,15.44,29.0
2017,3,15.34,30.0
2017,3,16.12,31.0
2017,4,16.12,0.0
2017,4,15.87,1.0
2017,4,16.02,2.0
2017,4,15.59,3.0
2017,4,15.78,4.0
2017,4,14.74,5.0
2017,4,16.2,6.0
2017,4,15.62,7.0
2017,4,15.99,8.0
2017,4,16.17,9.0
2017,4,16.03,10.0
2017,4,15.99,11.0
2017,4,15.81,12.0
2017,4,16.36,13.0
2017,4,16.16,14.0
2017,4,15.84,15.0
2017,4,16.06,16.0
2017,4,16.25,17.0
2017,4,16.18,18.0
2017,4,15.79,19.0
2017,4,15.79,20.0
2017,4,15.98,21.0
2017,4,15.81,22.0
2017,4,15.78,23.0
2017,4,16.04,24.0
2017,4,15.67,25.0
2017,4,15.52,26.0
2017,4,13.87,27.0
2017,4,15.72,28.0
2017,4,15.47,29.0
2017,4,15.36,30.0
2017,4,16.14,31.0
2017,5,16.03,0.0
2017,5,15.83,1.0
2017,5,15.93,2.0
2017,5,15.49,3.0
2017,5,15.69,4.0
2017,5,14.66,5.0
2017,5,16.08,6.0
2017,5,15.47,7.0
2017,5,15.89,8.0
2017,5,16.07,9.0
2017,5,15.93,10.0
2017,5,15.9,11.0
2017,5,15.72,12.0
2017,5,16.24,13.0
2017,5,16.07,14.0
2017,5,15.75,15.0
2017,5,15.94,16.0
2017,5,16.16,17.0
2017,5,16.06,18.0
2017,5,15.7,19.0
2017,5,15.69,20.0
2017,5,15.89,21.0
2017,5,15.72,22.0
2017,5,15.69,23.0
2017,5,15.95,24.0
2017,5,15.57,25.0
2017,5,15.42,26.0
2017,5,13.72,27.0
2017,5,15.62,28.0
2017,5,15.38,29.0
2017,5,15.26,30.0
2017,5,16.05,31.0
2017,6,15.93,0.0
2017,6,15.81,1.0
2017,6,15.83,2.0
2017,6,15.39,3.0
2017,6,15.59,4.0
2017,6,14.62,5.0
2017,6,15.95,6.0
2017,6,15.41,7.0
2017,6,15.79,8.0
2017,6,15.98,9.0
2017,6,15.83,10.0
2017,6,15.79,11.0
2017,6,15.61,12.0
2017,6,16.12,13.0
2017,6,15.97,14.0
2017,6,15.65,15.0
2017,6,15.83,16.0
2017,6,16.07,17.0
2017,6,15.93,18.0
2017,6,15.6,19.0
2017,6,15.58,20.0
2017,6,15.78,21.0
2017,6,15.62,22.0
2017,6,15.59,23.0
2017,6,15.85,24.0
2017,6,15.45,25.0
2017,6,15.33,26.0
2017,6,13.51,27.0
2017,6,15.52,28.0
2017,6,15.27,29.0
2017,6,15.17,30.0
2017,6,15.96,31.0
2017,7,15.86,0.0
2017,7,15.71,1.0
2017,7,15.75,2.0
2017,7,15.32,3.0
2017,7,15.51,4.0
2017,7,14.49,5.0
2017,7,15.86,6.0
2017,7,15.36,7.0
2017,7,15.71,8.0
2017,7,15.89,9.0
2017,7,15.75,10.0
2017,7,15.71,11.0
2017,7,15.52,12.0
2017,7,16.03,13.0
2017,7,15.89,14.0
2017,7,15.56,15.0
2017,7,15.74,16.0
2017,7,15.99,17.0
2017,7,15.88,18.0
2017,7,15.51,19.0
2017,7,15.5,20.0
2017,7,15.7,21.0
2017,7,15.55,22.0
2017,7,15.5,23.0
2017,7,15.77,24.0
2017,7,15.33,25.0
2017,7,15.25,26.0
2017,7,13.33,27.0
2017,7,15.45,28.0
2017,7,15.19,29.0
2017,7,15.09,30.0
2017,7,15.87,31.0
2017,8,15.92,0.0
2017,8,15.8,1.0
2017,8,15.82,2.0
2017,8,15.38,3.0
2017,8,15.58,4.0
2017,8,14.49,5.0
2017,8,15.92,6.0
2017,8,15.45,7.0
2017,8,15.78,8.0
2017,8,15.97,9.0
2017,8,15.82,10.0
2017,8,15.78,11.0
2017,8,15.59,12.0
2017,8,16.09,13.0
2017,8,15.97,14.0
2017,8,15.63,15.0
2017,8,15.8,16.0
2017,8,16.06,17.0
2017,8,16.0,18.0
2017,8,15.59,19.0
2017,8,15.57,20.0
2017,8,15.76,21.0
2017,8,15.62,22.0
2017,8,15.58,23.0
2017,8,15.84,24.0
2017,8,15.4,25.0
2017,8,15.32,26.0
2017,8,13.36,27.0
2017,8,15.52,28.0
2017,8,15.26,29.0
2017,8,15.16,30.0
2017,8,15.94,31.0
2017,9,16.15,0.0
2017,9,15.98,1.0
2017,9,16.04,2.0
2017,9,15.6,3.0
2017,9,15.81,4.0
2017,9,14.83,5.0
2017,9,16.14,6.0
2017,9,15.67,7.0
2017,9,16.01,8.0
2017,9,16.2,9.0
2017,9,16.05,10.0
2017,9,16.01,11.0
2017,9,15.82,12.0
2017,9,16.32,13.0
2017,9,16.19,14.0
2017,9,15.85,15.0
2017,9,16.03,16.0
2017,9,16.28,17.0
2017,9,16.25,18.0
2017,9,15.81,19.0
2017,9,15.79,20.0
2017,9,15.99,21.0
2017,9,15.84,22.0
2017,9,15.8,23.0
2017,9,16.07,24.0
2017,9,15.63,25.0
2017,9,15.55,26.0
2017,9,13.56,27.0
2017,9,15.74,28.0
2017,9,15.49,29.0
2017,9,15.38,30.0
2017,9,16.16,31.0
2017,10,16.28,0.0
2017,10,16.12,1.0
2017,10,16.17,2.0
2017,10,15.72,3.0
2017,10,15.93,4.0
2017,10,14.98,5.0
2017,10,16.26,6.0
2017,10,15.84,7.0
2017,10,16.13,8.0
2017,10,16.34,9.0
2017,10,16.17,10.0
2017,10,16.14,11.0
2017,10,15.94,12.0
2017,10,16.44,13.0
2017,10,16.32,14.0
2017,10,15.98,15.0
2017,10,16.15,16.0
2017,10,16.4,17.0
2017,10,16.42,18.0
2017,10,15.93,19.0
2017,10,15.91,20.0
2017,10,16.11,21.0
2017,10,15.97,22.0
2017,10,15.93,23.0
2017,10,16.2,24.0
2017,10,15.79,25.0
2017,10,15.67,26.0
2017,10,13.68,27.0
2017,10,15.87,28.0
2017,10,15.61,29.0
2017,10,15.5,30.0
2017,10,16.29,31.0
2017,11,16.36,0.0
2017,11,16.27,1.0
2017,11,16.34,2.0
2017,11,15.81,3.0
2017,11,16.01,4.0
2017,11,15.11,5.0
2017,11,16.35,6.0
2017,11,15.97,7.0
2017,11,16.21,8.0
2017,11,16.48,9.0
2017,11,16.26,10.0
2017,11,16.22,11.0
2017,11,16.03,12.0
2017,11,16.52,13.0
2017,11,16.4,14.0
2017,11,16.07,15.0
2017,11,16.23,16.0
2017,11,16.49,17.0
2017,11,16.56,18.0
2017,11,16.01,19.0
2017,11,15.99,20.0
2017,11,16.2,21.0
2017,11,16.04,22.0
2017,11,16.01,23.0
2017,11,16.34,24.0
2017,11,15.92,25.0
2017,11,15.75,26.0
2017,11,13.76,27.0
2017,11,15.95,28.0
2017,11,15.69,29.0
2017,11,15.59,30.0
2017,11,16.37,31.0
2017,12,16.48,0.0
2017,12,16.38,1.0
2017,12,16.55,2.0
2017,12,15.99,3.0
2017,12,16.16,4.0
2017,12,15.29,5.0
2017,12,16.45,6.0
2017,12,16.16,7.0
2017,12,16.34,8.0
2017,12,16.66,9.0
2017,12,16.39,10.0
2017,12,16.35,11.0
2017,12,16.1,12.0
2017,12,16.67,13.0
2017,12,16.56,14.0
2017,12,16.18,15.0
2017,12,16.35,16.0
2017,12,16.71,17.0
2017,12,16.72,18.0
2017,12,16.18,19.0
2017,12,16.11,20.0
2017,12,16.31,21.0
2017,12,16.2,22.0
2017,12,16.2,23.0
2017,12,16.53,24.0
2017,12,16.05,25.0
2017,12,15.86,26.0
2017,12,13.9,27.0
2017,12,16.03,28.0
2017,12,15.82,29.0
2017,12,15.73,30.0
2017,12,16.57,31.0
2018,1,17.17,0.0
2018,1,16.8,1.0
2018,1,16.97,2.0
2018,1,16.67,3.0
2018,1,16.68,4.0
2018,1,15.8,5.0
2018,1,17.07,6.0
2018,1,16.69,7.0
2018,1,16.83,8.0
2018,1,17.24,9.0
2018,1,17.03,10.0
2018,1,16.92,11.0
2018,1,16.62,12.0
2018,1,17.29,13.0
2018,1,17.19,14.0
2018,1,16.78,15.0
2018,1,16.91,16.0
2018,1,17.3,17.0
2018,1,17.16,18.0
2018,1,16.78,19.0
2018,1,16.66,20.0
2018,1,16.88,21.0
2018,1,16.75,22.0
2018,1,16.85,23.0
2018,1,17.09,24.0
2018,1,16.43,25.0
2018,1,16.42,26.0
2018,1,14.4,27.0
2018,1,16.6,28.0
2018,1,16.36,29.0
2018,1,16.33,30.0
2018,1,17.28,31.0
2018,2,18.0,0.0
2018,2,17.31,1.0
2018,2,17.37,2.0
2018,2,17.26,3.0
2018,2,17.17,4.0
2018,2,16.39,5.0
2018,2,17.85,6.0
2018,2,17.38,7.0
2018,2,17.36,8.0
2018,2,17.85,9.0
2018,2,17.73,10.0
2018,2,17.53,11.0
2018,2,17.22,12.0
2018,2,18.09,13.0
2018,2,17.9,14.0
2018,2,17.43,15.0
2018,2,17.62,16.0
2018,2,17.95,17.0
2018,2,17.72,18.0
2018,2,17.38,19.0
2018,2,17.35,20.0
2018,2,17.53,21.0
2018,2,17.25,22.0
2018,2,17.57,23.0
2018,2,17.64,24.0
2018,2,16.98,25.0
2018,2,17.03,26.0
2018,2,15.07,27.0
2018,2,17.29,28.0
2018,2,16.97,29.0
2018,2,16.88,30.0
2018,2,18.11,31.0
2018,3,18.26,0.0
2018,3,17.53,1.0
2018,3,17.58,2.0
2018,3,17.43,3.0
2018,3,17.36,4.0
2018,3,16.52,5.0
2018,3,18.11,6.0
2018,3,17.61,7.0
2018,3,17.57,8.0
2018,3,18.02,9.0
2018,3,17.98,10.0
2018,3,17.76,11.0
2018,3,17.44,12.0
2018,3,18.33,13.0
2018,3,18.11,14.0
2018,3,17.66,15.0
2018,3,17.86,16.0
2018,3,18.19,17.0
2018,3,17.93,18.0
2018,3,17.64,19.0
2018,3,17.58,20.0
2018,3,17.8,21.0
2018,3,17.42,22.0
2018,3,17.79,23.0
2018,3,17.89,24.0
2018,3,17.22,25.0
2018,3,17.29,26.0
2018,3,15.27,27.0
2018,3,17.51,28.0
2018,3,17.2,29.0
2018,3,17.14,30.0
2018,3,18.36,31.0
2018,4,18.34,0.0
2018,4,17.67,1.0
2018,4,17.67,2.0
2018,4,17.53,3.0
2018,4,17.48,4.0
2018,4,16.48,5.0
2018,4,18.21,6.0
2018,4,17.68,7.0
2018,4,17.66,8.0
2018,4,18.11,9.0
2018,4,18.07,10.0
2018,4,17.86,11.0
2018,4,17.51,12.0
2018,4,18.42,13.0
2018,4,18.2,14.0
2018,4,17.75,15.0
2018,4,17.96,16.0
2018,4,18.3,17.0
2018,4,18.0,18.0
2018,4,17.75,19.0
2018,4,17.67,20.0
2018,4,17.91,21.0
2018,4,17.47,22.0
2018,4,17.86,23.0
2018,4,18.05,24.0
2018,4,17.37,25.0
2018,4,17.42,26.0
2018,4,15.4,27.0
2018,4,17.59,28.0
2018,4,17.31,29.0
2018,4,17.25,30.0
2018,4,18.47,31.0
2018,5,18.46,0.0
2018,5,17.81,1.0
2018,5,17.85,2.0
2018,5,17.7,3.0
2018,5,17.65,4.0
2018,5,16.89,5.0
2018,5,18.49,6.0
2018,5,17.74,7.0
2018,5,17.81,8.0
2018,5,18.28,9.0
2018,5,18.21,10.0
2018,5,18.04,11.0
2018,5,17.68,12.0
2018,5,18.65,13.0
2018,5,18.36,14.0
2018,5,17.92,15.0
2018,5,18.18,16.0
2018,5,18.47,17.0
2018,5,18.23,18.0
2018,5,17.91,19.0
2018,5,17.82,20.0
2018,5,18.09,21.0
2018,5,17.63,22.0
2018,5,18.03,23.0
2018,5,18.26,24.0
2018,5,17.64,25.0
2018,5,17.53,26.0
2018,5,15.74,27.0
2018,5,17.74,28.0
2018,5,17.47,29.0
2018,5,17.39,30.0
2018,5,18.59,31.0
2018,6,18.65,0.0
2018,6,18.08,1.0
2018,6,18.11,2.0
2018,6,17.98,3.0
2018,6,17.88,4.0
2018,6,16.75,5.0
2018,6,18.79,6.0
2018,6,18.08,7.0
2018,6,18.03,8.0
2018,6,18.49,9.0
2018,6,18.42,10.0
2018,6,18.3,11.0
2018,6,17.9,12.0
2018,6,18.94,13.0
2018,6,18.6,14.0
2018,6,18.16,15.0
2018,6,18.45,16.0
2018,6,18.69,17.0
2018,6,18.56,18.0
2018,6,18.15,19.0
2018,6,18.03,20.0
2018,6,18.35,21.0
2018,6,17.87,22.0
2018,6,18.25,23.0
2018,6,18.51,24.0
2018,6,17.8,25.0
2018,6,17.8,26.0
2018,6,15.76,27.0
2018,6,17.97,28.0
2018,6,17.68,29.0
2018,6,17.64,30.0
2018,6,18.79,31.0
2018,7,19.02,0.0
2018,7,18.49,1.0
2018,7,18.47,2.0
2018,7,18.39,3.0
2018,7,18.3,4.0
2018,7,17.14,5.0
2018,7,19.01,6.0
2018,7,18.43,7.0
2018,7,18.39,8.0
2018,7,18.81,9.0
2018,7,18.83,10.0
2018,7,18.73,11.0
2018,7,18.3,12.0
2018,7,19.22,13.0
2018,7,19.03,14.0
2018,7,18.56,15.0
2018,7,18.75,16.0
2018,7,19.11,17.0
2018,7,18.87,18.0
2018,7,18.54,19.0
2018,7,18.42,20.0
2018,7,18.72,21.0
2018,7,18.27,22.0
2018,7,18.56,23.0
2018,7,18.91,24.0
2018,7,18.19,25.0
2018,7,18.15,26.0
2018,7,16.04,27.0
2018,7,18.38,28.0
2018,7,18.02,29.0
2018,7,18.08,30.0
2018,7,19.16,31.0
2018,8,19.55,0.0
2018,8,19.03,1.0
2018,8,19.05,2.0
2018,8,19.0,3.0
2018,8,18.87,4.0
2018,8,17.68,5.0
2018,8,19.34,6.0
2018,8,18.96,7.0
2018,8,18.92,8.0
2018,8,19.29,9.0
2018,8,19.43,10.0
2018,8,19.25,11.0
2018,8,18.85,12.0
2018,8,19.63,13.0
2018,8,19.56,14.0
2018,8,19.12,15.0
2018,8,19.15,16.0
2018,8,19.65,17.0
2018,8,19.39,18.0
2018,8,19.09,19.0
2018,8,18.96,20.0
2018,8,19.25,21.0
2018,8,18.99,22.0
2018,8,19.04,23.0
2018,8,19.47,24.0
2018,8,18.71,25.0
2018,8,18.62,26.0
2018,8,16.56,27.0
2018,8,18.93,28.0
2018,8,18.55,29.0
2018,8,18.78,30.0
2018,8,19.69,31.0
2018,9,19.8,0.0
2018,9,19.36,1.0
2018,9,19.34,2.0
2018,9,19.24,3.0
2018,9,19.09,4.0
2018,9,17.96,5.0
2018,9,19.6,6.0
2018,9,19.26,7.0
2018,9,19.18,8.0
2018,9,19.58,9.0
2018,9,19.7,10.0
2018,9,19.47,11.0
2018,9,19.06,12.0
2018,9,19.89,13.0
2018,9,19.76,14.0
2018,9,19.34,15.0
2018,9,19.38,16.0
2018,9,19.89,17.0
2018,9,19.66,18.0
2018,9,19.32,19.0
2018,9,19.21,20.0
2018,9,19.51,21.0
2018,9,19.33,22.0
2018,9,19.3,23.0
2018,9,19.72,24.0
2018,9,18.95,25.0
2018,9,18.81,26.0
2018,9,16.88,27.0
2018,9,19.13,28.0
2018,9,18.79,29.0
2018,9,19.05,30.0
2018,9,19.94,31.0
2018,10,20.0,0.0
2018,10,19.57,1.0
2018,10,19.56,2.0
2018,10,19.44,3.0
2018,10,19.22,4.0
2018,10,18.15,5.0
2018,10,19.86,6.0
2018,10,19.48,7.0
2018,10,19.35,8.0
2018,10,19.78,9.0
2018,10,19.93,10.0
2018,10,19.66,11.0
2018,10,19.23,12.0
2018,10,20.14,13.0
2018,10,19.96,14.0
2018,10,19.53,15.0
2018,10,19.6,16.0
2018,10,20.09,17.0
2018,10,19.85,18.0
2018,10,19.52,19.0
2018,10,19.41,20.0
2018,10,19.69,21.0
2018,10,19.5,22.0
2018,10,19.52,23.0
2018,10,19.91,24.0
2018,10,19.13,25.0
2018,10,18.97,26.0
2018,10,17.07,27.0
2018,10,19.32,28.0
2018,10,18.98,29.0
2018,10,19.2,30.0
2018,10,20.12,31.0
2018,11,20.0,0.0
2018,11,19.61,1.0
2018,11,19.63,2.0
2018,11,19.46,3.0
2018,11,19.2,4.0
2018,11,17.95,5.0
2018,11,19.9,6.0
2018,11,19.44,7.0
2018,11,19.38,8.0
2018,11,19.73,9.0
2018,11,19.96,10.0
2018,11,19.56,11.0
2018,11,19.16,12.0
2018,11,20.19,13.0
2018,11,19.91,14.0
2018,11,19.51,15.0
2018,11,19.59,16.0
2018,11,20.13,17.0
2018,11,19.78,18.0
2018,11,19.51,19.0
2018,11,19.41,20.0
2018,11,19.7,21.0
2018,11,19.45,22.0
2018,11,19.47,23.0
2018,11,19.93,24.0
2018,11,19.13,25.0
2018,11,18.91,26.0
2018,11,16.92,27.0
2018,11,19.31,28.0
2018,11,18.95,29.0
2018,11,19.21,30.0
2018,11,20.1,31.0
2018,12,19.81,0.0
2018,12,19.4,1.0
2018,12,19.53,2.0
2018,12,19.39,3.0
2018,12,18.92,4.0
2018,12,17.54,5.0
2018,12,19.75,6.0
2018,12,19.17,7.0
2018,12,19.16,8.0
2018,12,19.44,9.0
2018,12,19.68,10.0
2018,12,19.23,11.0
2018,12,18.82,12.0
2018,12,19.95,13.0
2018,12,19.61,14.0
2018,12,19.29,15.0
2018,12,19.39,16.0
2018,12,19.98,17.0
2018,12,19.34,18.0
2018,12,19.26,19.0
2018,12,19.16,20.0
2018,12,19.53,21.0
2018,12,19.13,22.0
2018,12,19.17,23.0
2018,12,19.81,24.0
2018,12,18.93,25.0
2018,12,18.63,26.0
2018,12,16.48,27.0
2018,12,18.92,28.0
2018,12,18.63,29.0
2018,12,18.81,30.0
2018,12,19.82,31.0
2019,1,19.64,0.0
2019,1,18.04,1.0
2019,1,19.27,2.0
2019,1,19.18,3.0
2019,1,18.52,4.0
2019,1,16.83,5.0
2019,1,19.63,6.0
2019,1,18.9,7.0
2019,1,18.98,8.0
2019,1,19.25,9.0
2019,1,19.72,10.0
2019,1,19.05,11.0
2019,1,18.67,12.0
2019,1,19.9,13.0
2019,1,19.54,14.0
2019,1,19.08,15.0
2019,1,19.39,16.0
2019,1,19.94,17.0
2019,1,19.07,18.0
2019,1,19.06,19.0
2019,1,18.85,20.0
2019,1,19.61,21.0
2019,1,18.83,22.0
2019,1,18.92,23.0
2019,1,19.54,24.0
2019,1,18.29,25.0
2019,1,18.15,26.0
2019,1,15.96,27.0
2019,1,18.55,28.0
2019,1,18.31,29.0
2019,1,18.52,30.0
2019,1,19.63,31.0
2019,2,20.08,0.0
2019,2,18.17,1.0
2019,2,19.59,2.0
2019,2,19.44,3.0
2019,2,18.92,4.0
2019,2,17.31,5.0
2019,2,19.96,6.0
2019,2,19.19,7.0
2019,2,19.53,8.0
2019,2,19.6,9.0
2019,2,20.18,10.0
2019,2,19.62,11.0
2019,2,19.17,12.0
2019,2,20.31,13.0
2019,2,20.32,14.0
2019,2,19.44,15.0
2019,2,19.76,16.0
2019,2,20.33,17.0
2019,2,19.48,18.0
2019,2,19.55,19.0
2019,2,19.07,20.0
2019,2,19.89,21.0
2019,2,19.56,22.0
2019,2,19.36,23.0
2019,2,19.84,24.0
2019,2,18.84,25.0
2019,2,18.2,26.0
2019,2,16.58,27.0
2019,2,19.01,28.0
2019,2,18.65,29.0
2019,2,19.32,30.0
2019,2,19.91,31.0
2019,3,20.34,0.0
2019,3,18.56,1.0
2019,3,20.38,2.0
2019,3,19.91,3.0
2019,3,19.62,4.0
2019,3,17.84,5.0
2019,3,20.52,6.0
2019,3,19.68,7.0
2019,3,19.97,8.0
2019,3,20.1,9.0
2019,3,20.54,10.0
2019,3,20.08,11.0
2019,3,19.54,12.0
2019,3,20.78,13.0
2019,3,20.68,14.0
2019,3,19.82,15.0
2019,3,20.3,16.0
2019,3,20.79,17.0
2019,3,20.23,18.0
2019,3,20.1,19.0
2019,3,19.59,20.0
2019,3,20.18,21.0
2019,3,20.08,22.0
2019,3,19.77,23.0
2019,3,20.21,24.0
2019,3,19.34,25.0
2019,3,18.88,26.0
2019,3,17.02,27.0
2019,3,19.61,28.0
2019,3,19.17,29.0
2019,3,19.93,30.0
2019,3,20.23,31.0
2019,4,19.85,0.0
2019,4,18.49,1.0
2019,4,20.39,2.0
2019,4,19.75,3.0
2019,4,19.47,4.0
2019,4,17.49,5.0
2019,4,20.49,6.0
2019,4,19.37,7.0
2019,4,19.77,8.0
2019,4,19.87,9.0
2019,4,20.26,10.0
2019,4,19.88,11.0
2019,4,19.37,12.0
2019,4,20.66,13.0
2019,4,20.29,14.0
2019,4,19.71,15.0
2019,4,20.21,16.0
2019,4,20.69,17.0
2019,4,19.81,18.0
2019,4,20.12,19.0
2019,4,19.37,20.0
2019,4,20.06,21.0
2019,4,19.66,22.0
2019,4,19.52,23.0
2019,4,20.03,24.0
2019,4,19.09,25.0
2019,4,18.73,26.0
2019,4,16.62,27.0
2019,4,19.39,28.0
2019,4,19.03,29.0
2019,4,19.3,30.0
2019,4,19.92,31.0
2019,5,19.75,0.0
2019,5,18.43,1.0
2019,5,20.4,2.0
2019,5,19.69,3.0
2019,5,19.27,4.0
2019,5,17.2,5.0
2019,5,20.52,6.0
2019,5,19.17,7.0
2019,5,19.72,8.0
2019,5,19.76,9.0
2019,5,20.12,10.0
2019,5,19.83,11.0
2019,5,19.29,12.0
2019,5,20.66,13.0
2019,5,20.06,14.0
2019,5,19.65,15.0
2019,5,20.16,16.0
2019,5,20.59,17.0
2019,5,19.92,18.0
2019,5,20.11,19.0
2019,5,19.26,20.0
2019,5,19.94,21.0
2019,5,19.57,22.0
2019,5,19.45,23.0
2019,5,20.0,24.0
2019,5,19.1,25.0
2019,5,18.56,26.0
2019,5,16.29,27.0
2019,5,19.34,28.0
2019,5,18.92,29.0
2019,5,19.16,30.0
2019,5,19.82,31.0
2019,6,19.65,0.0
2019,6,18.34,1.0
2019,6,20.43,2.0
2019,6,19.66,3.0
2019,6,19.09,4.0
2019,6,17.23,5.0
2019,6,20.39,6.0
2019,6,19.18,7.0
2019,6,19.51,8.0
2019,6,19.68,9.0
2019,6,20.0,10.0
2019,6,19.64,11.0
2019,6,19.12,12.0
2019,6,20.52,13.0
2019,6,19.85,14.0
2019,6,19.51,15.0
2019,6,19.98,16.0
2019,6,20.36,17.0
2019,6,19.65,18.0
2019,6,19.98,19.0
2019,6,19.16,20.0
2019,6,19.75,21.0
2019,6,19.39,22.0
2019,6,19.31,23.0
2019,6,19.84,24.0
2019,6,18.97,25.0
2019,6,18.39,26.0
2019,6,16.16,27.0
2019,6,19.11,28.0
2019,6,18.81,29.0
2019,6,19.06,30.0
2019,6,19.73,31.0
2019,7,19.71,0.0
2019,7,18.37,1.0
2019,7,20.56,2.0
2019,7,19.62,3.0
2019,7,19.19,4.0
2019,7,17.22,5.0
2019,7,20.47,6.0
2019,7,19.3,7.0
2019,7,19.59,8.0
2019,7,19.78,9.0
2019,7,20.11,10.0
2019,7,19.77,11.0
2019,7,19.26,12.0
2019,7,20.53,13.0
2019,7,19.93,14.0
2019,7,19.55,15.0
2019,7,20.0,16.0
2019,7,20.27,17.0
2019,7,19.77,18.0
2019,7,20.1,19.0
2019,7,19.25,20.0
2019,7,19.79,21.0
2019,7,19.63,22.0
2019,7,19.31,23.0
2019,7,19.95,24.0
2019,7,18.96,25.0
2019,7,18.45,26.0
2019,7,16.27,27.0
2019,7,19.26,28.0
2019,7,18.88,29.0
2019,7,19.34,30.0
2019,7,19.77,31.0
2019,8,19.67,0.0
2019,8,18.17,1.0
2019,8,20.59,2.0
2019,8,19.62,3.0
2019,8,19.21,4.0
2019,8,17.02,5.0
2019,8,20.31,6.0
2019,8,19.09,7.0
2019,8,19.54,8.0
2019,8,19.75,9.0
2019,8,20.05,10.0
2019,8,19.7,11.0
2019,8,19.04,12.0
2019,8,20.38,13.0
2019,8,19.89,14.0
2019,8,19.44,15.0
2019,8,19.84,16.0
2019,8,20.16,17.0
2019,8,19.73,18.0
2019,8,20.06,19.0
2019,8,19.18,20.0
2019,8,19.7,21.0
2019,8,19.62,22.0
2019,8,19.17,23.0
2019,8,19.85,24.0
2019,8,18.62,25.0
2019,8,18.35,26.0
2019,8,15.9,27.0
2019,8,19.23,28.0
2019,8,18.84,29.0
2019,8,19.3,30.0
2019,8,19.7,31.0
2019,9,19.74,0.0
2019,9,18.2,1.0
2019,9,20.64,2.0
2019,9,19.69,3.0
2019,9,19.27,4.0
2019,9,17.26,5.0
2019,9,20.32,6.0
2019,9,19.32,7.0
2019,9,19.59,8.0
2019,9,19.91,9.0
2019,9,20.13,10.0
2019,9,19.9,11.0
2019,9,19.09,12.0
2019,9,20.37,13.0
2019,9,19.96,14.0
2019,9,19.44,15.0
2019,9,19.83,16.0
2019,9,20.25,17.0
2019,9,19.86,18.0
2019,9,20.14,19.0
2019,9,19.28,20.0
2019,9,19.74,21.0
2019,9,19.78,22.0
2019,9,19.36,23.0
2019,9,19.86,24.0
2019,9,18.83,25.0
2019,9,18.46,26.0
2019,9,16.27,27.0
2019,9,19.33,28.0
2019,9,18.91,29.0
2019,9,19.46,30.0
2019,9,19.8,31.0
2019,10,19.79,0.0
2019,10,18.09,1.0
2019,10,20.64,2.0
2019,10,19.54,3.0
2019,10,19.19,4.0
2019,10,17.06,5.0
2019,10,20.26,6.0
2019,10,19.35,7.0
2019,10,19.56,8.0
2019,10,19.86,9.0
2019,10,20.12,10.0
2019,10,19.81,11.0
2019,10,18.96,12.0
2019,10,20.35,13.0
2019,10,19.87,14.0
2019,10,19.34,15.0
2019,10,19.75,16.0
2019,10,20.14,17.0
2019,10,19.82,18.0
2019,10,20.1,19.0
2019,10,19.27,20.0
2019,10,19.69,21.0
2019,10,19.68,22.0
2019,10,19.33,23.0
2019,10,19.8,24.0
2019,10,19.13,25.0
2019,10,18.39,26.0
2019,10,16.39,27.0
2019,10,19.32,28.0
2019,10,18.9,29.0
2019,10,19.29,30.0
2019,10,19.74,31.0
2019,11,19.85,0.0
2019,11,18.0,1.0
2019,11,20.64,2.0
2019,11,19.48,3.0
2019,11,19.19,4.0
2019,11,16.98,5.0
2019,11,20.29,6.0
2019,11,19.51,7.0
2019,11,19.54,8.0
2019,11,19.9,9.0
2019,11,20.16,10.0
2019,11,19.88,11.0
2019,11,18.97,12.0
2019,11,20.34,13.0
2019,11,19.95,14.0
2019,11,19.32,15.0
2019,11,19.77,16.0
2019,11,20.16,17.0
2019,11,19.81,18.0
2019,11,20.08,19.0
2019,11,19.28,20.0
2019,11,19.71,21.0
2019,11,19.67,22.0
2019,11,19.37,23.0
2019,11,19.79,24.0
2019,11,18.8,25.0
2019,11,18.34,26.0
2019,11,16.33,27.0
2019,11,19.33,28.0
2019,11,18.87,29.0
2019,11,19.32,30.0
2019,11,19.73,31.0
2019,12,19.92,0.0
2019,12,18.0,1.0
2019,12,20.68,2.0
2019,12,19.62,3.0
2019,12,19.27,4.0
2019,12,17.28,5.0
2019,12,20.45,6.0
2019,12,19.48,7.0
2019,12,19.64,8.0
2019,12,20.04,9.0
2019,12,20.21,10.0
2019,12,20.03,11.0
2019,12,19.09,12.0
2019,12,20.47,13.0
2019,12,20.06,14.0
2019,12,19.47,15.0
2019,12,19.93,16.0
2019,12,20.29,17.0
2019,12,19.88,18.0
2019,12,20.15,19.0
2019,12,19.36,20.0
2019,12,19.79,21.0
2019,12,19.86,22.0
2019,12,19.5,23.0
2019,12,19.88,24.0
2019,12,18.99,25.0
2019,12,18.5,26.0
2019,12,16.52,27.0
2019,12,19.4,28.0
2019,12,19.0,29.0
2019,12,19.45,30.0
2019,12,19.89,31.0
2020,1,19.97,0.0
2020,1,18.3,1.0
2020,1,20.76,2.0
2020,1,19.73,3.0
2020,1,19.31,4.0
2020,1,17.38,5.0
2020,1,20.6,6.0
2020,1,19.53,7.0
2020,1,19.72,8.0
2020,1,20.2,9.0
2020,1,20.28,10.0
2020,1,20.15,11.0
2020,1,19.15,12.0
2020,1,20.58,13.0
2020,1,20.14,14.0
2020,1,19.59,15.0
2020,1,20.03,16.0
2020,1,20.25,17.0
2020,1,19.98,18.0
2020,1,20.14,19.0
2020,1,19.43,20.0
2020,1,19.83,21.0
2020,1,19.97,22.0
2020,1,19.61,23.0
2020,1,19.97,24.0
2020,1,18.8,25.0
2020,1,18.62,26.0
2020,1,16.7,27.0
2020,1,19.47,28.0
2020,1,19.1,29.0
2020,1,19.63,30.0
2020,1,19.93,31.0
2020,2,19.96,0.0
2020,2,18.37,1.0
2020,2,20.7,2.0
2020,2,19.59,3.0
2020,2,19.15,4.0
2020,2,17.16,5.0
2020,2,20.45,6.0
2020,2,19.41,7.0
2020,2,19.67,8.0
2020,2,20.06,9.0
2020,2,20.19,10.0
2020,2,20.01,11.0
2020,2,19.0,12.0
2020,2,20.43,13.0
2020,2,20.02,14.0
2020,2,19.54,15.0
2020,2,19.89,16.0
2020,2,20.26,17.0
2020,2,19.92,18.0
2020,2,20.13,19.0
2020,2,19.34,20.0
2020,2,19.74,21.0
2020,2,19.85,22.0
2020,2,19.5,23.0
2020,2,19.85,24.0
2020,2,18.95,25.0
2020,2,18.55,26.0
2020,2,16.56,27.0
2020,2,19.32,28.0
2020,2,19.01,29.0
2020,2,19.46,30.0
2020,2,19.79,31.0
2020,3,18.39,0.0
2020,3,17.18,1.0
2020,3,18.91,2.0
2020,3,18.61,3.0
2020,3,17.8,4.0
2020,3,15.23,5.0
2020,3,18.85,6.0
2020,3,17.67,7.0
2020,3,17.62,8.0
2020,3,18.57,9.0
2020,3,18.38,10.0
2020,3,18.29,11.0
2020,3,17.07,12.0
2020,3,18.87,13.0
2020,3,17.92,14.0
2020,3,17.96,15.0
2020,3,18.14,16.0
2020,3,19.2,17.0
2020,3,18.3,18.0
2020,3,18.53,19.0
2020,3,17.64,20.0
2020,3,17.91,21.0
2020,3,18.38,22.0
2020,3,17.52,23.0
2020,3,17.88,24.0
2020,3,17.85,25.0
2020,3,17.77,26.0
2020,3,15.25,27.0
2020,3,17.48,28.0
2020,3,17.4,29.0
2020,3,17.95,30.0
2020,3,18.62,31.0
2020,4,15.36,0.0
2020,4,14.19,1.0
2020,4,15.92,2.0
2020,4,16.02,3.0
2020,4,15.28,4.0
2020,4,12.91,5.0
2020,4,15.56,6.0
2020,4,15.16,7.0
2020,4,15.02,8.0
2020,4,15.93,9.0
2020,4,15.43,10.0
2020,4,15.74,11.0
2020,4,14.31,12.0
2020,4,16.02,13.0
2020,4,15.39,14.0
2020,4,14.86,15.0
2020,4,14.95,16.0
2020,4,16.48,17.0
2020,4,15.91,18.0
2020,4,16.17,19.0
2020,4,14.6,20.0
2020,4,14.79,21.0
2020,4,16.16,22.0
2020,4,14.57,23.0
2020,4,15.68,24.0
2020,4,15.47,25.0
2020,4,15.08,26.0
2020,4,13.15,27.0
2020,4,14.51,28.0
2020,4,14.75,29.0
2020,4,15.75,30.0
2020,4,15.88,31.0
2020,5,16.57,0.0
2020,5,15.53,1.0
2020,5,17.31,2.0
2020,5,16.72,3.0
2020,5,16.18,4.0
2020,5,14.26,5.0
2020,5,16.87,6.0
2020,5,15.89,7.0
2020,5,16.53,8.0
2020,5,16.85,9.0
2020,5,16.49,10.0
2020,5,17.09,11.0
2020,5,15.76,12.0
2020,5,17.06,13.0
2020,5,16.97,14.0
2020,5,16.18,15.0
2020,5,16.35,16.0
2020,5,17.34,17.0
2020,5,16.61,18.0
2020,5,17.11,19.0
2020,5,15.86,20.0
2020,5,16.13,21.0
2020,5,16.91,22.0
2020,5,16.28,23.0
2020,5,17.39,24.0
2020,5,16.88,25.0
2020,5,15.72,26.0
2020,5,13.86,27.0
2020,5,15.94,28.0
2020,5,15.85,29.0
2020,5,16.87,30.0
2020,5,16.57,31.0
2020,6,18.01,0.0
2020,6,17.15,1.0
2020,6,18.95,2.0
2020,6,18.24,3.0
2020,6,17.57,4.0
2020,6,15.77,5.0
2020,6,18.25,6.0
2020,6,16.95,7.0
2020,6,17.92,8.0
2020,6,18.22,9.0
2020,6,17.92,10.0
2020,6,18.49,11.0
2020,6,17.28,12.0
2020,6,18.37,13.0
2020,6,18.4,14.0
2020,6,17.65,15.0
2020,6,17.76,16.0
2020,6,18.63,17.0
2020,6,17.69,18.0
2020,6,18.41,19.0
2020,6,17.33,20.0
2020,6,17.63,21.0
2020,6,18.45,22.0
2020,6,17.75,23.0
2020,6,18.62,24.0
2020,6,18.38,25.0
2020,6,17.03,26.0
2020,6,15.05,27.0
2020,6,17.42,28.0
2020,6,17.22,29.0
2020,6,18.18,30.0
2020,6,17.88,31.0
2020,7,19.2,0.0
2020,7,17.94,1.0
2020,7,19.67,2.0
2020,7,19.34,3.0
2020,7,18.64,4.0
2020,7,16.56,5.0
2020,7,19.26,6.0
2020,7,17.91,7.0
2020,7,18.64,8.0
2020,7,19.08,9.0
2020,7,19.0,10.0
2020,7,19.43,11.0
2020,7,18.4,12.0
2020,7,19.39,13.0
2020,7,19.21,14.0
2020,7,18.61,15.0
2020,7,18.78,16.0
2020,7,19.38,17.0
2020,7,18.8,18.0
2020,7,19.33,19.0
2020,7,18.34,20.0
2020,7,18.69,21.0
2020,7,19.3,22.0
2020,7,18.52,23.0
2020,7,19.4,24.0
2020,7,19.14,25.0
2020,7,18.06,26.0
2020,7,15.93,27.0
2020,7,18.32,28.0
2020,7,18.25,29.0
2020,7,18.94,30.0
2020,7,18.92,31.0
2020,8,19.3,0.0
2020,8,17.85,1.0
2020,8,19.51,2.0
2020,8,19.43,3.0
2020,8,18.61,4.0
2020,8,16.36,5.0
2020,8,19.25,6.0
2020,8,18.17,7.0
2020,8,18.74,8.0
2020,8,19.08,9.0
2020,8,19.03,10.0
2020,8,19.52,11.0
2020,8,18.34,12.0
2020,8,19.35,13.0
2020,8,19.12,14.0
2020,8,18.58,15.0
2020,8,18.74,16.0
2020,8,19.3,17.0
2020,8,19.02,18.0
2020,8,19.37,19.0
2020,8,18.25,20.0
2020,8,18.63,21.0
2020,8,19.39,22.0
2020,8,18.41,23.0
2020,8,19.23,24.0
2020,8,18.94,25.0
2020,8,18.08,26.0
2020,8,16.12,27.0
2020,8,18.24,28.0
2020,8,18.3,29.0
2020,8,19.01,30.0
2020,8,19.02,31.0
2020,9,19.08,0.0
2020,9,17.71,1.0
2020,9,19.54,2.0
2020,9,19.31,3.0
2020,9,18.76,4.0
2020,9,16.58,5.0
2020,9,19.07,6.0
2020,9,18.17,7.0
2020,9,18.77,8.0
2020,9,19.12,9.0
2020,9,18.87,10.0
2020,9,19.45,11.0
2020,9,18.22,12.0
2020,9,19.21,13.0
2020,9,19.01,14.0
2020,9,18.48,15.0
2020,9,18.58,16.0
2020,9,19.24,17.0
2020,9,19.07,18.0
2020,9,19.34,19.0
2020,9,18.11,20.0
2020,9,18.5,21.0
2020,9,19.53,22.0
2020,9,18.41,23.0
2020,9,19.22,24.0
2020,9,18.85,25.0
2020,9,18.1,26.0
2020,9,16.21,27.0
2020,9,18.15,28.0
2020,9,18.29,29.0
2020,9,19.13,30.0
2020,9,19.02,31.0
2020,10,18.68,0.0
2020,10,17.38,1.0
2020,10,19.39,2.0
2020,10,19.22,3.0
2020,10,18.72,4.0
2020,10,16.43,5.0
2020,10,18.93,6.0
2020,10,18.15,7.0
2020,10,18.47,8.0
2020,10,18.83,9.0
2020,10,18.6,10.0
2020,10,19.36,11.0
2020,10,17.99,12.0
2020,10,19.04,13.0
2020,10,18.87,14.0
2020,10,18.28,15.0
2020,10,18.37,16.0
2020,10,19.0,17.0
2020,10,19.02,18.0
2020,10,19.3,19.0
2020,10,17.98,20.0
2020,10,18.25,21.0
2020,10,19.57,22.0
2020,10,18.34,23.0
2020,10,19.06,24.0
2020,10,18.8,25.0
2020,10,17.88,26.0
2020,10,16.0,27.0
2020,10,18.07,28.0
2020,10,18.1,29.0
2020,10,19.24,30.0
2020,10,18.84,31.0
2020,11,17.94,0.0
2020,11,16.39,1.0
2020,11,18.74,2.0
2020,11,18.83,3.0
2020,11,18.29,4.0
2020,11,15.77,5.0
2020,11,18.15,6.0
2020,11,17.5,7.0
2020,11,17.65,8.0
2020,11,18.21,9.0
2020,11,17.92,10.0
2020,11,18.88,11.0
2020,11,17.23,12.0
2020,11,18.29,13.0
2020,11,18.15,14.0
2020,11,17.57,15.0
2020,11,17.58,16.0
2020,11,18.31,17.0
2020,11,18.53,18.0
2020,11,18.86,19.0
2020,11,17.31,20.0
2020,11,17.27,21.0
2020,11,19.01,22.0
2020,11,17.66,23.0
2020,11,18.25,24.0
2020,11,17.98,25.0
2020,11,17.42,26.0
2020,11,15.72,27.0
2020,11,17.59,28.0
2020,11,17.7,29.0
2020,11,18.59,30.0
2020,11,18.46,31.0
2020,12,18.18,0.0
2020,12,16.58,1.0
2020,12,18.65,2.0
2020,12,18.89,3.0
2020,12,18.42,4.0
2020,12,16.14,5.0
2020,12,18.35,6.0
2020,12,17.58,7.0
2020,12,17.77,8.0
2020,12,18.38,9.0
2020,12,18.11,10.0
2020,12,19.1,11.0
2020,12,17.58,12.0
2020,12,18.44,13.0
2020,12,18.46,14.0
2020,12,17.82,15.0
2020,12,17.83,16.0
2020,12,18.51,17.0
2020,12,18.71,18.0
2020,12,19.14,19.0
2020,12,17.58,20.0
2020,12,17.57,21.0
2020,12,19.21,22.0
2020,12,18.06,23.0
2020,12,18.25,24.0
2020,12,17.96,25.0
2020,12,17.5,26.0
2020,12,16.02,27.0
2020,12,17.73,28.0
2020,12,17.87,29.0
2020,12,18.75,30.0
2020,12,18.49,31.0
2021,1,19.27,0.0
2021,1,17.84,1.0
2021,1,19.76,2.0
2021,1,19.82,3.0
2021,1,19.07,4.0
2021,1,17.36,5.0
2021,1,19.54,6.0
2021,1,18.31,7.0
2021,1,18.89,8.0
2021,1,19.42,9.0
2021,1,19.18,10.0
2021,1,20.04,11.0
2021,1,18.76,12.0
2021,1,19.42,13.0
2021,1,19.63,14.0
2021,1,18.96,15.0
2021,1,18.97,16.0
2021,1,19.52,17.0
2021,1,19.51,18.0
2021,1,20.08,19.0
2021,1,18.69,20.0
2021,1,18.73,21.0
2021,1,20.08,22.0
2021,1,19.14,23.0
2021,1,19.18,24.0
2021,1,18.91,25.0
2021,1,18.62,26.0
2021,1,16.74,27.0
2021,1,18.81,28.0
2021,1,18.84,29.0
2021,1,19.6,30.0
2021,1,19.29,31.0
2021,2,20.17,0.0
2021,2,18.78,1.0
2021,2,20.6,2.0
2021,2,20.69,3.0
2021,2,19.74,4.0
2021,2,18.17,5.0
2021,2,20.51,6.0
2021,2,19.14,7.0
2021,2,19.72,8.0
2021,2,20.25,9.0
2021,2,20.07,10.0
2021,2,20.76,11.0
2021,2,19.66,12.0
2021,2,20.21,13.0
2021,2,20.4,14.0
2021,2,19.81,15.0
2021,2,19.92,16.0
2021,2,20.25,17.0
2021,2,20.21,18.0
2021,2,20.8,19.0
2021,2,19.57,20.0
2021,2,19.63,21.0
2021,2,20.81,22.0
2021,2,19.92,23.0
2021,2,19.73,24.0
2021,2,19.72,25.0
2021,2,19.46,26.0
2021,2,17.43,27.0
2021,2,19.61,28.0
2021,2,19.65,29.0
2021,2,20.48,30.0
2021,2,19.98,31.0
2021,3,20.46,0.0
2021,3,19.08,1.0
2021,3,20.73,2.0
2021,3,21.05,3.0
2021,3,20.04,4.0
2021,3,18.37,5.0
2021,3,20.93,6.0
2021,3,19.84,7.0
2021,3,19.92,8.0
2021,3,20.65,9.0
2021,3,20.37,10.0
2021,3,20.98,11.0
2021,3,19.91,12.0
2021,3,20.69,13.0
2021,3,20.58,14.0
2021,3,20.01,15.0
2021,3,20.26,16.0
2021,3,20.53,17.0
2021,3,20.83,18.0
2021,3,21.01,19.0
2021,3,19.86,20.0
2021,3,19.82,21.0
2021,3,21.01,22.0
2021,3,20.13,23.0
2021,3,20.38,24.0
2021,3,20.08,25.0
2021,3,19.77,26.0
2021,3,17.85,27.0
2021,3,19.8,28.0
2021,3,20.0,29.0
2021,3,20.65,30.0
2021,3,20.38,31.0
2021,4,20.53,0.0
2021,4,19.24,1.0
2021,4,20.64,2.0
2021,4,21.08,3.0
2021,4,20.2,4.0
2021,4,18.27,5.0
2021,4,20.88,6.0
2021,4,20.02,7.0
2021,4,20.01,8.0
2021,4,20.77,9.0
2021,4,20.39,10.0
2021,4,21.16,11.0
2021,4,19.83,12.0
2021,4,20.73,13.0
2021,4,20.64,14.0
2021,4,19.97,15.0
2021,4,20.21,16.0
2021,4,20.68,17.0
2021,4,21.07,18.0
2021,4,21.05,19.0
2021,4,19.89,20.0
2021,4,19.84,21.0
2021,4,21.13,22.0
2021,4,20.26,23.0
2021,4,20.66,24.0
2021,4,20.0,25.0
2021,4,19.87,26.0
2021,4,18.03,27.0
2021,4,19.78,28.0
2021,4,20.14,29.0
2021,4,20.82,30.0
2021,4,20.56,31.0
2021,5,20.46,0.0
2021,5,19.38,1.0
2021,5,20.6,2.0
2021,5,21.06,3.0
2021,5,20.29,4.0
2021,5,18.39,5.0
2021,5,20.93,6.0
2021,5,20.11,7.0
2021,5,20.09,8.0
2021,5,20.75,9.0
2021,5,20.41,10.0
2021,5,21.35,11.0
2021,5,19.83,12.0
2021,5,20.78,13.0
2021,5,20.73,14.0
2021,5,19.97,15.0
2021,5,20.28,16.0
2021,5,20.79,17.0
2021,5,21.2,18.0
2021,5,21.09,19.0
2021,5,19.91,20.0
2021,5,19.91,21.0
2021,5,21.18,22.0
2021,5,20.37,23.0
2021,5,20.73,24.0
2021,5,20.08,25.0
2021,5,19.92,26.0
2021,5,17.95,27.0
2021,5,19.8,28.0
2021,5,20.21,29.0
2021,5,20.53,30.0
2021,5,20.67,31.0
2021,6,20.47,0.0
2021,6,19.43,1.0
2021,6,20.63,2.0
2021,6,21.13,3.0
2021,6,20.29,4.0
2021,6,18.25,5.0
2021,6,20.95,6.0
2021,6,20.18,7.0
2021,6,20.14,8.0
2021,6,20.8,9.0
2021,6,20.47,10.0
2021,6,21.47,11.0
2021,6,19.86,12.0
2021,6,20.78,13.0
2021,6,20.84,14.0
2021,6,20.03,15.0
2021,6,20.32,16.0
2021,6,20.79,17.0
2021,6,21.3,18.0
2021,6,21.17,19.0
2021,6,19.92,20.0
2021,6,19.92,21.0
2021,6,21.16,22.0
2021,6,20.46,23.0
2021,6,20.67,24.0
2021,6,20.18,25.0
2021,6,19.95,26.0
2021,6,18.04,27.0
2021,6,19.88,28.0
2021,6,20.19,29.0
2021,6,20.73,30.0
2021,6,20.76,31.0
2021,7,20.55,0.0
2021,7,19.39,1.0
2021,7,20.74,2.0
2021,7,21.29,3.0
2021,7,20.41,4.0
2021,7,18.14,5.0
2021,7,20.83,6.0
2021,7,20.21,7.0
2021,7,20.21,8.0
2021,7,20.76,9.0
2021,7,20.42,10.0
2021,7,21.52,11.0
2021,7,19.82,12.0
2021,7,20.7,13.0
2021,7,20.81,14.0
2021,7,20.2,15.0
2021,7,20.22,16.0
2021,7,20.86,17.0
2021,7,21.38,18.0
2021,7,21.31,19.0
2021,7,20.02,20.0
2021,7,19.98,21.0
2021,7,21.18,22.0
2021,7,20.49,23.0
2021,7,20.47,24.0
2021,7,20.0,25.0
2021,7,20.01,26.0
2021,7,18.3,27.0
2021,7,20.01,28.0
2021,7,20.23,29.0
2021,7,20.93,30.0
2021,7,20.86,31.0
2021,8,20.5,0.0
2021,8,19.43,1.0
2021,8,20.79,2.0
2021,8,21.4,3.0
2021,8,20.56,4.0
2021,8,18.22,5.0
2021,8,20.82,6.0
2021,8,20.19,7.0
2021,8,20.29,8.0
2021,8,20.74,9.0
2021,8,20.28,10.0
2021,8,21.6,11.0
2021,8,19.88,12.0
2021,8,20.61,13.0
2021,8,20.8,14.0
2021,8,20.26,15.0
2021,8,20.22,16.0
2021,8,20.86,17.0
2021,8,21.27,18.0
2021,8,21.39,19.0
2021,8,20.01,20.0
2021,8,19.9,21.0
2021,8,21.31,22.0
2021,8,20.53,23.0
2021,8,20.51,24.0
2021,8,20.0,25.0
2021,8,20.0,26.0
2021,8,18.28,27.0
2021,8,19.91,28.0
2021,8,20.27,29.0
2021,8,21.05,30.0
2021,8,20.87,31.0
2021,9,20.25,0.0
2021,9,19.42,1.0
2021,9,20.85,2.0
2021,9,21.49,3.0
2021,9,20.54,4.0
2021,9,18.21,5.0
2021,9,20.71,6.0
2021,9,20.12,7.0
2021,9,20.21,8.0
2021,9,20.57,9.0
2021,9,20.16,10.0
2021,9,21.67,11.0
2021,9,19.86,12.0
2021,9,20.54,13.0
2021,9,20.76,14.0
2021,9,20.15,15.0
2021,9,20.15,16.0
2021,9,20.78,17.0
2021,9,21.06,18.0
2021,9,21.35,19.0
2021,9,19.86,20.0
2021,9,19.83,21.0
2021,9,21.28,22.0
2021,9,20.54,23.0
2021,9,20.56,24.0
2021,9,19.65,25.0
2021,9,20.01,26.0
2021,9,18.22,27.0
2021,9,19.69,28.0
2021,9,20.29,29.0
2021,9,20.93,30.0
2021,9,20.76,31.0
2021,10,20.2,0.0
2021,10,19.4,1.0
2021,10,20.85,2.0
2021,10,21.62,3.0
2021,10,20.61,4.0
2021,10,18.3,5.0
2021,10,20.57,6.0
2021,10,20.14,7.0
2021,10,20.13,8.0
2021,10,20.47,9.0
2021,10,20.06,10.0
2021,10,21.7,11.0
2021,10,19.78,12.0
2021,10,20.45,13.0
2021,10,20.8,14.0
2021,10,20.08,15.0
2021,10,20.01,16.0
2021,10,20.69,17.0
2021,10,21.09,18.0
2021,10,21.28,19.0
2021,10,19.71,20.0
2021,10,19.64,21.0
2021,10,21.33,22.0
2021,10,20.56,23.0
2021,10,20.49,24.0
2021,10,19.85,25.0
2021,10,19.89,26.0
2021,10,17.83,27.0
2021,10,19.6,28.0
2021,10,20.26,29.0
2021,10,20.84,30.0
2021,10,20.71,31.0
2021,11,20.09,0.0
2021,11,19.31,1.0
2021,11,20.76,2.0
2021,11,21.62,3.0
2021,11,20.55,4.0
2021,11,18.15,5.0
2021,11,20.65,6.0
2021,11,19.96,7.0
2021,11,20.07,8.0
2021,11,20.37,9.0
2021,11,19.99,10.0
2021,11,21.61,11.0
2021,11,19.69,12.0
2021,11,20.44,13.0
2021,11,20.65,14.0
2021,11,19.97,15.0
2021,11,19.97,16.0
2021,11,20.57,17.0
2021,11,21.08,18.0
2021,11,21.15,19.0
2021,11,19.63,20.0
2021,11,19.5,21.0
2021,11,21.22,22.0
2021,11,20.54,23.0
2021,11,20.52,24.0
2021,11,19.99,25.0
2021,11,19.79,26.0
2021,11,17.88,27.0
2021,11,19.44,28.0
2021,11,20.15,29.0
2021,11,20.77,30.0
2021,11,20.6,31.0
2021,12,20.26,0.0
2021,12,19.38,1.0
2021,12,20.84,2.0
2021,12,21.69,3.0
2021,12,20.71,4.0
2021,12,18.46,5.0
2021,12,21.08,6.0
2021,12,20.17,7.0
2021,12,20.35,8.0
2021,12,20.56,9.0
2021,12,20.2,10.0
2021,12,21.79,11.0
2021,12,19.94,12.0
2021,12,20.78,13.0
2021,12,20.93,14.0
2021,12,20.19,15.0
2021,12,20.3,16.0
2021,12,20.79,17.0
2021,12,21.15,18.0
2021,12,21.25,19.0
2021,12,19.86,20.0
2021,12,19.8,21.0
2021,12,21.34,22.0
2021,12,20.68,23.0
2021,12,20.56,24.0
2021,12,19.92,25.0
2021,12,19.93,26.0
2021,12,17.97,27.0
2021,12,19.69,28.0
2021,12,20.33,29.0
2021,12,21.01,30.0
2021,12,20.72,31.0
2022,1,20.62,0.0
2022,1,19.68,1.0
2022,1,21.21,2.0
2022,1,21.91,3.0
2022,1,20.91,4.0
2022,1,18.92,5.0
2022,1,21.4,6.0
2022,1,20.45,7.0
2022,1,20.71,8.0
2022,1,20.85,9.0
2022,1,20.59,10.0
2022,1,22.04,11.0
2022,1,20.38,12.0
2022,1,21.17,13.0
2022,1,21.22,14.0
2022,1,20.56,15.0
2022,1,20.65,16.0
2022,1,21.3,17.0
2022,1,21.57,18.0
2022,1,21.64,19.0
2022,1,20.3,20.0
2022,1,20.25,21.0
2022,1,21.71,22.0
2022,1,21.07,23.0
2022,1,20.98,24.0
2022,1,20.27,25.0
2022,1,20.21,26.0
2022,1,18.24,27.0
2022,1,20.14,28.0
2022,1,20.67,29.0
2022,1,21.39,30.0
2022,1,21.01,31.0
2022,2,20.81,0.0
2022,2,20.0,1.0
2022,2,21.4,2.0
2022,2,22.23,3.0
2022,2,20.96,4.0
2022,2,19.22,5.0
2022,2,21.54,6.0
2022,2,20.52,7.0
2022,2,20.91,8.0
2022,2,21.06,9.0
2022,2,20.78,10.0
2022,2,22.19,11.0
2022,2,20.53,12.0
2022,2,21.35,13.0
2022,2,21.45,14.0
2022,2,20.76,15.0
2022,2,20.81,16.0
2022,2,21.47,17.0
2022,2,21.96,18.0
2022,2,21.71,19.0
2022,2,20.49,20.0
2022,2,20.45,21.0
2022,2,22.05,22.0
2022,2,21.25,23.0
2022,2,21.26,24.0
2022,2,20.67,25.0
2022,2,20.36,26.0
2022,2,18.52,27.0
2022,2,20.36,28.0
2022,2,20.84,29.0
2022,2,21.51,30.0
2022,2,21.15,31.0
2022,3,21.25,0.0
2022,3,20.48,1.0
2022,3,21.62,2.0
2022,3,22.58,3.0
2022,3,21.22,4.0
2022,3,19.75,5.0
2022,3,22.1,6.0
2022,3,21.22,7.0
2022,3,21.22,8.0
2022,3,21.52,9.0
2022,3,21.23,10.0
2022,3,22.43,11.0
2022,3,20.89,12.0
2022,3,21.92,13.0
2022,3,21.73,14.0
2022,3,21.09,15.0
2022,3,21.31,16.0
2022,3,21.79,17.0
2022,3,22.39,18.0
2022,3,22.03,19.0
2022,3,20.91,20.0
2022,3,20.94,21.0
2022,3,22.38,22.0
2022,3,21.59,23.0
2022,3,21.85,24.0
2022,3,21.04,25.0
2022,3,20.59,26.0
2022,3,18.97,27.0
2022,3,20.77,28.0
2022,3,21.07,29.0
2022,3,21.82,30.0
2022,3,21.56,31.0
2022,4,21.48,0.0
2022,4,21.11,1.0
2022,4,21.7,2.0
2022,4,22.6,3.0
2022,4,21.35,4.0
2022,4,20.18,5.0
2022,4,22.18,6.0
2022,4,21.57,7.0
2022,4,21.38,8.0
2022,4,21.9,9.0
2022,4,21.44,10.0
2022,4,22.41,11.0
2022,4,21.05,12.0
2022,4,22.13,13.0
2022,4,21.81,14.0
2022,4,21.18,15.0
2022,4,21.47,16.0
2022,4,22.02,17.0
2022,4,22.65,18.0
2022,4,22.13,19.0
2022,4,21.09,20.0
2022,4,21.18,21.0
2022,4,22.53,22.0
2022,4,21.76,23.0
2022,4,22.13,24.0
2022,4,21.22,25.0
2022,4,20.74,26.0
2022,4,19.4,27.0
2022,4,20.98,28.0
2022,4,21.25,29.0
2022,4,21.94,30.0
2022,4,21.96,31.0
2022,5,21.8,0.0
2022,5,21.28,1.0
2022,5,21.75,2.0
2022,5,22.67,3.0
2022,5,21.48,4.0
2022,5,20.31,5.0
2022,5,22.4,6.0
2022,5,21.95,7.0
2022,5,21.49,8.0
2022,5,22.13,9.0
2022,5,21.67,10.0
2022,5,22.59,11.0
2022,5,21.2,12.0
2022,5,22.34,13.0
2022,5,21.78,14.0
2022,5,21.23,15.0
2022,5,21.7,16.0
2022,5,22.05,17.0
2022,5,22.85,18.0
2022,5,22.21,19.0
2022,5,21.2,20.0
2022,5,21.37,21.0
2022,5,22.69,22.0
2022,5,21.93,23.0
2022,5,21.89,24.0
2022,5,21.22,25.0
2022,5,20.97,26.0
2022,5,19.6,27.0
2022,5,21.08,28.0
2022,5,21.39,29.0
2022,5,22.07,30.0
2022,5,22.15,31.0
2022,6,21.81,0.0
2022,6,21.3,1.0
2022,6,21.82,2.0
2022,6,22.73,3.0
2022,6,21.5,4.0
2022,6,20.68,5.0
2022,6,22.66,6.0
2022,6,22.11,7.0
2022,6,21.54,8.0
2022,6,22.29,9.0
2022,6,21.85,10.0
2022,6,22.71,11.0
2022,6,21.23,12.0
2022,6,22.59,13.0
2022,6,21.97,14.0
2022,6,21.28,15.0
2022,6,21.91,16.0
2022,6,22.17,17.0
2022,6,23.09,18.0
2022,6,22.25,19.0
2022,6,21.22,20.0
2022,6,21.44,21.0
2022,6,22.77,22.0
2022,6,22.04,23.0
2022,6,21.79,24.0
2022,6,21.25,25.0
2022,6,21.16,26.0
2022,6,19.69,27.0
2022,6,21.15,28.0
2022,6,21.41,29.0
2022,6,22.09,30.0
2022,6,22.35,31.0
2022,7,21.7,0.0
2022,7,21.12,1.0
2022,7,22.05,2.0
2022,7,22.81,3.0
2022,7,21.66,4.0
2022,7,20.45,5.0
2022,7,22.67,6.0
2022,7,22.05,7.0
2022,7,21.72,8.0
2022,7,22.35,9.0
2022,7,21.94,10.0
2022,7,22.86,11.0
2022,7,21.33,12.0
2022,7,22.54,13.0
2022,7,22.14,14.0
2022,7,21.42,15.0
2022,7,21.87,16.0
2022,7,22.38,17.0
2022,7,22.86,18.0
2022,7,22.39,19.0
2022,7,21.4,20.0
2022,7,21.5,21.0
2022,7,22.92,22.0
2022,7,22.09,23.0
2022,7,22.31,24.0
2022,7,21.45,25.0
2022,7,21.29,26.0
2022,7,19.17,27.0
2022,7,21.32,28.0
2022,7,21.52,29.0
2022,7,22.19,30.0
2022,7,22.44,31.0
2022,8,21.64,0.0
2022,8,21.19,1.0
2022,8,22.42,2.0
2022,8,22.93,3.0
2022,8,21.71,4.0
2022,8,20.5,5.0
2022,8,22.65,6.0
2022,8,22.01,7.0
2022,8,21.91,8.0
2022,8,22.39,9.0
2022,8,21.98,10.0
2022,8,22.87,11.0
2022,8,21.38,12.0
2022,8,22.52,13.0
2022,8,22.21,14.0
2022,8,21.47,15.0
2022,8,21.88,16.0
2022,8,22.55,17.0
2022,8,22.96,18.0
2022,8,22.5,19.0
2022,8,21.43,20.0
2022,8,21.49,21.0
2022,8,23.07,22.0
2022,8,22.15,23.0
2022,8,22.53,24.0
2022,8,21.67,25.0
2022,8,21.37,26.0
2022,8,19.46,27.0
2022,8,21.34,28.0
2022,8,21.63,29.0
2022,8,22.19,30.0
2022,8,22.44,31.0
2022,9,21.4,0.0
2022,9,21.08,1.0
2022,9,22.53,2.0
2022,9,23.06,3.0
2022,9,21.86,4.0
2022,9,19.81,5.0
2022,9,22.31,6.0
2022,9,21.55,7.0
2022,9,21.93,8.0
2022,9,22.21,9.0
2022,9,21.91,10.0
2022,9,22.9,11.0
2022,9,21.25,12.0
2022,9,22.17,13.0
2022,9,22.13,14.0
2022,9,21.36,15.0
2022,9,21.59,16.0
2022,9,22.38,17.0
2022,9,22.74,18.0
2022,9,22.5,19.0
2022,9,21.26,20.0
2022,9,21.24,21.0
2022,9,22.95,22.0
2022,9,22.05,23.0
2022,9,22.54,24.0
2022,9,21.62,25.0
2022,9,21.42,26.0
2022,9,18.99,27.0
2022,9,21.13,28.0
2022,9,21.48,29.0
2022,9,22.12,30.0
2022,9,22.12,31.0
2022,10,21.57,0.0
2022,10,21.2,1.0
2022,10,22.75,2.0
2022,10,23.23,3.0
2022,10,21.93,4.0
2022,10,20.09,5.0
2022,10,22.49,6.0
2022,10,21.74,7.0
2022,10,22.07,8.0
2022,10,22.34,9.0
2022,10,22.03,10.0
2022,10,23.12,11.0
2022,10,21.51,12.0
2022,10,22.41,13.0
2022,10,22.32,14.0
2022,10,21.58,15.0
2022,10,21.81,16.0
2022,10,22.41,17.0
2022,10,22.98,18.0
2022,10,22.67,19.0
2022,10,21.54,20.0
2022,10,21.43,21.0
2022,10,23.18,22.0
2022,10,22.27,23.0
2022,10,22.61,24.0
2022,10,21.66,25.0
2022,10,21.72,26.0
2022,10,19.51,27.0
2022,10,21.41,28.0
2022,10,21.7,29.0
2022,10,22.46,30.0
2022,10,22.2,31.0
2022,11,21.52,0.0
2022,11,21.07,1.0
2022,11,22.65,2.0
2022,11,23.33,3.0
2022,11,21.91,4.0
2022,11,19.69,5.0
2022,11,22.33,6.0
2022,11,21.64,7.0
2022,11,22.0,8.0
2022,11,22.09,9.0
2022,11,22.0,10.0
2022,11,23.01,11.0
2022,11,21.22,12.0
2022,11,22.36,13.0
2022,11,22.14,14.0
2022,11,21.4,15.0
2022,11,21.75,16.0
2022,11,22.24,17.0
2022,11,23.11,18.0
2022,11,22.62,19.0
2022,11,21.36,20.0
2022,11,21.15,21.0
2022,11,23.15,22.0
2022,11,22.01,23.0
2022,11,22.32,24.0
2022,11,21.72,25.0
2022,11,21.65,26.0
2022,11,19.46,27.0
2022,11,21.27,28.0
2022,11,21.64,29.0
2022,11,22.28,30.0
2022,11,22.02,31.0
2022,12,21.22,0.0
2022,12,20.69,1.0
2022,12,22.57,2.0
2022,12,23.26,3.0
2022,12,21.81,4.0
2022,12,19.69,5.0
2022,12,22.14,6.0
2022,12,21.1,7.0
2022,12,21.81,8.0
2022,12,21.65,9.0
2022,12,21.69,10.0
2022,12,22.92,11.0
2022,12,20.96,12.0
2022,12,22.08,13.0
2022,12,22.03,14.0
2022,12,21.19,15.0
2022,12,21.51,16.0
2022,12,22.06,17.0
2022,12,22.73,18.0
2022,12,22.5,19.0
2022,12,21.06,20.0
2022,12,20.87,21.0
2022,12,22.92,22.0
2022,12,21.97,23.0
2022,12,22.08,24.0
2022,12,21.27,25.0
2022,12,21.67,26.0
2022,12,18.74,27.0
2022,12,21.09,28.0
2022,12,21.41,29.0
2022,12,21.92,30.0
2022,12,21.85,31.0
2023,1,21.51,0.0
2023,1,20.98,1.0
2023,1,22.87,2.0
2023,1,23.16,3.0
2023,1,21.9,4.0
2023,1,19.87,5.0
2023,1,22.3,6.0
2023,1,21.1,7.0
2023,1,22.08,8.0
2023,1,22.01,9.0
2023,1,22.0,10.0
2023,1,23.18,11.0
2023,1,21.37,12.0
2023,1,22.32,13.0
2023,1,22.41,14.0
2023,1,21.49,15.0
2023,1,21.72,16.0
2023,1,22.5,17.0
2023,1,22.93,18.0
2023,1,22.78,19.0
2023,1,21.4,20.0
2023,1,21.18,21.0
2023,1,23.17,22.0
2023,1,22.2,23.0
2023,1,22.39,24.0
2023,1,21.59,25.0
2023,1,21.74,26.0
2023,1,18.98,27.0
2023,1,21.41,28.0
2023,1,21.61,29.0
2023,1,22.31,30.0
2023,1,22.05,31.0
2023,2,21.59,0.0
2023,2,21.06,1.0
2023,2,22.97,2.0
2023,2,23.01,3.0
2023,2,21.85,4.0
2023,2,19.76,5.0
2023,2,22.36,6.0
2023,2,21.11,7.0
2023,2,22.17,8.0
2023,2,22.07,9.0
2023,2,22.04,10.0
2023,2,23.3,11.0
2023,2,21.37,12.0
2023,2,22.39,13.0
2023,2,22.46,14.0
2023,2,21.54,15.0
2023,2,21.74,16.0
2023,2,22.65,17.0
2023,2,23.17,18.0
2023,2,22.89,19.0
2023,2,21.41,20.0
2023,2,21.06,21.0
2023,2,23.33,22.0
2023,2,22.19,23.0
2023,2,22.14,24.0
2023,2,21.64,25.0
2023,2,21.61,26.0
2023,2,18.82,27.0
2023,2,21.4,28.0
2023,2,21.57,29.0
2023,2,22.48,30.0
2023,2,22.1,31.0
2023,3,21.63,0.0
2023,3,21.16,1.0
2023,3,23.05,2.0
2023,3,22.99,3.0
2023,3,21.82,4.0
2023,3,19.75,5.0
2023,3,22.55,6.0
2023,3,21.39,7.0
2023,3,22.25,8.0
2023,3,22.29,9.0
2023,3,22.04,10.0
2023,3,23.39,11.0
2023,3,21.43,12.0
2023,3,22.51,13.0
2023,3,22.48,14.0
2023,3,21.63,15.0
2023,3,21.89,16.0
2023,3,22.61,17.0
2023,3,23.33,18.0
2023,3,22.82,19.0
2023,3,21.46,20.0
2023,3,21.14,21.0
2023,3,23.39,22.0
2023,3,22.22,23.0
2023,3,22.34,24.0
2023,3,21.27,25.0
2023,3,21.62,26.0
2023,3,19.1,27.0
2023,3,21.46,28.0
2023,3,21.61,29.0
2023,3,22.53,30.0
2023,3,22.16,31.0
2023,4,21.77,0.0
2023,4,21.28,1.0
2023,4,22.99,2.0
2023,4,23.0,3.0
2023,4,21.94,4.0
2023,4,19.93,5.0
2023,4,22.74,6.0
2023,4,21.65,7.0
2023,4,22.24,8.0
2023,4,22.45,9.0
2023,4,22.11,10.0
2023,4,23.36,11.0
2023,4,21.54,12.0
2023,4,22.63,13.0
2023,4,22.5,14.0
2023,4,21.8,15.0
2023,4,22.11,16.0
2023,4,22.97,17.0
2023,4,23.6,18.0
2023,4,22.9,19.0
2023,4,21.56,20.0
2023,4,21.2,21.0
2023,4,23.51,22.0
2023,4,22.15,23.0
2023,4,22.42,24.0
2023,4,21.32,25.0
2023,4,21.72,26.0
2023,4,19.22,27.0
2023,4,21.62,28.0
2023,4,21.71,29.0
2023,4,22.45,30.0
2023,4,22.2,31.0
2023,5,21.76,0.0
2023,5,21.16,1.0
2023,5,23.07,2.0
2023,5,22.97,3.0
2023,5,21.97,4.0
2023,5,20.57,5.0
2023,5,22.55,6.0
2023,5,21.21,7.0
2023,5,22.14,8.0
2023,5,22.45,9.0
2023,5,21.92,10.0
2023,5,23.45,11.0
2023,5,21.51,12.0
2023,5,22.39,13.0
2023,5,22.53,14.0
2023,5,21.81,15.0
2023,5,21.93,16.0
2023,5,22.42,17.0
2023,5,23.46,18.0
2023,5,22.94,19.0
2023,5,21.55,20.0
2023,5,21.25,21.0
2023,5,23.49,22.0
2023,5,22.3,23.0
2023,5,22.43,24.0
2023,5,21.81,25.0
2023,5,21.65,26.0
2023,5,19.56,27.0
2023,5,21.62,28.0
2023,5,21.68,29.0
2023,5,22.25,30.0
2023,5,22.1,31.0
2023,6,21.97,0.0
2023,6,21.26,1.0
2023,6,23.29,2.0
2023,6,22.96,3.0
2023,6,22.01,4.0
2023,6,20.68,5.0
2023,6,22.55,6.0
2023,6,21.17,7.0
2023,6,22.26,8.0
2023,6,22.4,9.0
2023,6,21.88,10.0
2023,6,23.39,11.0
2023,6,21.55,12.0
2023,6,22.45,13.0
2023,6,22.58,14.0
2023,6,21.91,15.0
2023,6,21.94,16.0
2023,6,22.32,17.0
2023,6,23.19,18.0
2023,6,22.93,19.0
2023,6,21.61,20.0
2023,6,21.33,21.0
2023,6,23.57,22.0
2023,6,22.37,23.0
2023,6,22.28,24.0
2023,6,22.05,25.0
2023,6,21.7,26.0
2023,6,19.67,27.0
2023,6,21.66,28.0
2023,6,21.83,29.0
2023,6,22.38,30.0
2023,6,22.21,31.0
2023,7,22.05,0.0
2023,7,21.38,1.0
2023,7,23.42,2.0
2023,7,22.98,3.0
2023,7,22.02,4.0
2023,7,20.72,5.0
2023,7,22.56,6.0
2023,7,21.53,7.0
2023,7,22.42,8.0
2023,7,22.56,9.0
2023,7,21.99,10.0
2023,7,23.36,11.0
2023,7,21.7,12.0
2023,7,22.65,13.0
2023,7,22.75,14.0
2023,7,21.98,15.0
2023,7,22.0,16.0
2023,7,22.84,17.0
2023,7,23.33,18.0
2023,7,22.99,19.0
2023,7,21.74,20.0
2023,7,21.52,21.0
2023,7,23.61,22.0
2023,7,22.36,23.0
2023,7,22.51,24.0
2023,7,22.19,25.0
2023,7,21.81,26.0
2023,7,19.31,27.0
2023,7,21.76,28.0
2023,7,21.96,29.0
2023,7,22.55,30.0
2023,7,22.37,31.0
2023,8,22.24,0.0
2023,8,21.43,1.0
2023,8,23.42,2.0
2023,8,23.14,3.0
2023,8,22.15,4.0
2023,8,21.32,5.0
2023,8,22.6,6.0
2023,8,22.13,7.0
2023,8,22.54,8.0
2023,8,22.92,9.0
2023,8,22.23,10.0
2023,8,23.6,11.0
2023,8,21.84,12.0
2023,8,22.89,13.0
2023,8,22.83,14.0
2023,8,22.14,15.0
2023,8,22.11,16.0
2023,8,23.01,17.0
2023,8,23.47,18.0
2023,8,23.14,19.0
2023,8,21.99,20.0
2023,8,21.8,21.0
2023,8,23.71,22.0
2023,8,22.41,23.0
2023,8,23.02,24.0
2023,8,22.66,25.0
2023,8,21.94,26.0
2023,8,19.72,27.0
2023,8,21.97,28.0
2023,8,22.09,29.0
2023,8,22.79,30.0
2023,8,22.56,31.0
2023,9,22.32,0.0
2023,9,21.42,1.0
2023,9,23.38,2.0
2023,9,23.31,3.0
2023,9,22.24,4.0
2023,9,21.67,5.0
2023,9,22.84,6.0
2023,9,22.12,7.0
2023,9,22.57,8.0
2023,9,23.01,9.0
2023,9,22.21,10.0
2023,9,23.52,11.0
2023,9,21.81,12.0
2023,9,23.02,13.0
2023,9,22.78,14.0
2023,9,22.1,15.0
2023,9,22.3,16.0
2023,9,22.99,17.0
2023,9,23.44,18.0
2023,9,23.22,19.0
2023,9,21.92,20.0
2023,9,21.68,21.0
2023,9,23.76,22.0
2023,9,22.48,23.0
2023,9,23.09,24.0
2023,9,22.61,25.0
2023,9,21.82,26.0
2023,9,19.9,27.0
2023,9,21.89,28.0
2023,9,22.15,29.0
2023,9,22.71,30.0
2023,9,22.53,31.0
2023,10,22.4,0.0
2023,10,21.5,1.0
2023,10,23.47,2.0
2023,10,23.3,3.0
2023,10,22.35,4.0
2023,10,20.97,5.0
2023,10,22.84,6.0
2023,10,21.8,7.0
2023,10,22.54,8.0
2023,10,23.05,9.0
2023,10,22.23,10.0
2023,10,23.57,11.0
2023,10,21.76,12.0
2023,10,22.97,13.0
2023,10,22.82,14.0
2023,10,22.07,15.0
2023,10,22.23,16.0
2023,10,23.1,17.0
2023,10,23.36,18.0
2023,10,23.26,19.0
2023,10,21.87,20.0
2023,10,21.67,21.0
2023,10,23.78,22.0
2023,10,22.46,23.0
2023,10,22.86,24.0
2023,10,22.6,25.0
2023,10,21.9,26.0
2023,10,20.03,27.0
2023,10,21.79,28.0
2023,10,21.98,29.0
2023,10,22.64,30.0
2023,10,22.54,31.0
2023,11,22.44,0.0
2023,11,21.37,1.0
2023,11,23.51,2.0
2023,11,23.33,3.0
2023,11,22.38,4.0
2023,11,20.84,5.0
2023,11,22.71,6.0
2023,11,21.95,7.0
2023,11,22.62,8.0
2023,11,22.89,9.0
2023,11,22.23,10.0
2023,11,23.6,11.0
2023,11,21.78,12.0
2023,11,22.84,13.0
2023,11,22.83,14.0
2023,11,22.11,15.0
2023,11,22.09,16.0
2023,11,23.1,17.0
2023,11,23.04,18.0
2023,11,23.35,19.0
2023,11,21.91,20.0
2023,11,21.73,21.0
2023,11,23.69,22.0
2023,11,22.45,23.0
2023,11,22.61,24.0
2023,11,22.41,25.0
2023,11,21.87,26.0
2023,11,20.03,27.0
2023,11,21.75,28.0
2023,11,21.98,29.0
2023,11,22.57,30.0
2023,11,22.69,31.0
2023,12,22.43,0.0
2023,12,21.35,1.0
2023,12,23.32,2.0
2023,12,23.15,3.0
2023,12,22.2,4.0
2023,12,20.0,5.0
2023,12,22.61,6.0
2023,12,22.1,7.0
2023,12,22.47,8.0
2023,12,22.61,9.0
2023,12,22.33,10.0
2023,12,23.54,11.0
2023,12,21.73,12.0
2023,12,22.69,13.0
2023,12,22.74,14.0
2023,12,22.02,15.0
2023,12,21.93,16.0
2023,12,22.53,17.0
2023,12,23.23,18.0
2023,12,23.37,19.0
2023,12,21.77,20.0
2023,12,21.7,21.0
2023,12,23.61,22.0
2023,12,22.43,23.0
2023,12,22.37,24.0
2023,12,21.75,25.0
2023,12,21.81,26.0
2023,12,19.45,27.0
2023,12,21.71,28.0
2023,12,21.92,29.0
2023,12,22.29,30.0
2023,12,22.55,31.0
2024,1,22.58,0.0
2024,1,21.6,1.0
2024,1,23.51,2.0
2024,1,23.17,3.0
2024,1,22.39,4.0
2024,1,20.24,5.0
2024,1,22.65,6.0
2024,1,22.09,7.0
2024,1,22.71,8.0
2024,1,22.66,9.0
2024,1,22.55,10.0
2024,1,23.82,11.0
2024,1,22.11,12.0
2024,1,23.0,13.0
2024,1,23.05,14.0
2024,1,22.33,15.0
2024,1,22.08,16.0
2024,1,23.24,17.0
2024,1,23.23,18.0
2024,1,23.42,19.0
2024,1,22.05,20.0
2024,1,21.98,21.0
2024,1,23.78,22.0
2024,1,22.65,23.0
2024,1,22.98,24.0
2024,1,21.95,25.0
2024,1,21.98,26.0
2024,1,19.82,27.0
2024,1,22.0,28.0
2024,1,22.14,29.0
2024,1,23.0,30.0
2024,1,22.71,31.0
2024,2,23.11,0.0
2024,2,22.36,1.0
2024,2,24.08,2.0
2024,2,23.44,3.0
2024,2,22.98,4.0
2024,2,20.99,5.0
2024,2,23.12,6.0
2024,2,22.66,7.0
2024,2,23.41,8.0
2024,2,23.23,9.0
2024,2,23.06,10.0
2024,2,24.32,11.0
2024,2,22.97,12.0
2024,2,23.76,13.0
2024,2,23.94,14.0
2024,2,23.21,15.0
2024,2,22.78,16.0
2024,2,23.87,17.0
2024,2,23.99,18.0
2024,2,23.86,19.0
2024,2,22.82,20.0
2024,2,22.61,21.0
2024,2,24.51,22.0
2024,2,23.29,23.0
2024,2,23.49,24.0
2024,2,23.08,25.0
2024,2,22.63,26.0
2024,2,20.66,27.0
2024,2,22.7,28.0
2024,2,22.86,29.0
2024,2,23.64,30.0
2024,2,23.13,31.0
2024,3,23.3,0.0
2024,3,22.74,1.0
2024,3,24.51,2.0
2024,3,23.68,3.0
2024,3,23.2,4.0
2024,3,21.15,5.0
2024,3,23.22,6.0
2024,3,22.68,7.0
2024,3,23.75,8.0
2024,3,23.19,9.0
2024,3,23.21,10.0
2024,3,24.34,11.0
2024,3,23.06,12.0
2024,3,23.95,13.0
2024,3,24.05,14.0
2024,3,23.34,15.0
2024,3,22.92,16.0
2024,3,24.41,17.0
2024,3,24.08,18.0
2024,3,24.1,19.0
2024,3,22.94,20.0
2024,3,22.75,21.0
2024,3,24.6,22.0
2024,3,23.5,23.0
2024,3,23.74,24.0
2024,3,23.32,25.0
2024,3,22.72,26.0
2024,3,20.79,27.0
2024,3,22.74,28.0
2024,3,23.1,29.0
2024,3,23.55,30.0
2024,3,23.27,31.0
2024,4,23.39,0.0
2024,4,22.9,1.0
2024,4,24.79,2.0
2024,4,24.01,3.0
2024,4,23.24,4.0
2024,4,21.51,5.0
2024,4,23.52,6.0
2024,4,22.91,7.0
2024,4,24.04,8.0
2024,4,23.47,9.0
2024,4,23.38,10.0
2024,4,24.57,11.0
2024,4,23.19,12.0
2024,4,24.16,13.0
2024,4,24.15,14.0
2024,4,23.4,15.0
2024,4,23.14,16.0
2024,4,24.62,17.0
2024,4,24.36,18.0
2024,4,24.27,19.0
2024,4,23.05,20.0
2024,4,22.89,21.0
2024,4,25.01,22.0
2024,4,23.68,23.0
2024,4,24.19,24.0
2024,4,23.45,25.0
2024,4,22.84,26.0
2024,4,21.08,27.0
2024,4,22.83,28.0
2024,4,23.19,29.0
2024,4,24.17,30.0
2024,4,23.49,31.0
2024,5,23.53,0.0
2024,5,23.01,1.0
2024,5,24.86,2.0
2024,5,24.15,3.0
2024,5,23.33,4.0
2024,5,21.07,5.0
2024,5,23.84,6.0
2024,5,23.22,7.0
2024,5,24.12,8.0
2024,5,23.64,9.0
2024,5,23.47,10.0
2024,5,24.57,11.0
2024,5,23.25,12.0
2024,5,24.23,13.0
2024,5,24.16,14.0
2024,5,23.48,15.0
2024,5,23.39,16.0
2024,5,24.5,17.0
2024,5,24.54,18.0
2024,5,24.33,19.0
2024,5,23.13,20.0
2024,5,22.98,21.0
2024,5,25.12,22.0
2024,5,23.75,23.0
2024,5,24.36,24.0
2024,5,23.27,25.0
2024,5,22.93,26.0
2024,5,21.16,27.0
2024,5,22.95,28.0
2024,5,23.25,29.0
2024,5,24.09,30.0
2024,5,23.67,31.0
2024,6,23.63,0.0
2024,6,23.19,1.0
2024,6,25.01,2.0
2024,6,24.13,3.0
2024,6,23.82,4.0
2024,6,21.17,5.0
2024,6,23.89,6.0
2024,6,23.28,7.0
2024,6,24.15,8.0
2024,6,23.71,9.0
2024,6,23.59,10.0
2024,6,24.68,11.0
2024,6,23.41,12.0
2024,6,24.43,13.0
2024,6,24.33,14.0
2024,6,23.56,15.0
2024,6,23.44,16.0
2024,6,24.61,17.0
2024,6,24.73,18.0
2024,6,24.42,19.0
2024,6,23.22,20.0
2024,6,23.2,21.0
2024,6,25.02,22.0
2024,6,23.86,23.0
2024,6,24.38,24.0
2024,6,23.43,25.0
2024,6,23.07,26.0
2024,6,21.07,27.0
2024,6,23.1,28.0
2024,6,23.25,29.0
2024,6,23.62,30.0
2024,6,23.85,31.0
2024,7,23.98,0.0
2024,7,23.38,1.0
2024,7,25.22,2.0
2024,7,24.34,3.0
2024,7,23.96,4.0
2024,7,21.72,5.0
2024,7,24.1,6.0
2024,7,23.69,7.0
2024,7,24.42,8.0
2024,7,24.17,9.0
2024,7,24.03,10.0
2024,7,24.89,11.0
2024,7,23.64,12.0
2024,7,24.77,13.0
2024,7,24.59,14.0
2024,7,23.84,15.0
2024,7,23.7,16.0
2024,7,25.03,17.0
2024,7,24.98,18.0
2024,7,24.6,19.0
2024,7,23.6,20.0
2024,7,23.58,21.0
2024,7,25.1,22.0
2024,7,24.09,23.0
2024,7,24.71,24.0
2024,7,24.11,25.0
2024,7,23.33,26.0
2024,7,21.27,27.0
2024,7,23.44,28.0
2024,7,23.67,29.0
2024,7,23.94,30.0
2024,7,24.19,31.0
2024,8,24.28,0.0
2024,8,23.53,1.0
2024,8,25.49,2.0
2024,8,24.5,3.0
2024,8,23.99,4.0
2024,8,21.81,5.0
2024,8,24.19,6.0
2024,8,23.91,7.0
2024,8,24.61,8.0
2024,8,24.41,9.0
2024,8,24.32,10.0
2024,8,25.0,11.0
2024,8,23.83,12.0
2024,8,24.8,13.0
2024,8,24.79,14.0
2024,8,23.98,15.0
2024,8,23.85,16.0
2024,8,25.03,17.0
2024,8,25.16,18.0
2024,8,24.8,19.0
2024,8,23.8,20.0
2024,8,23.79,21.0
2024,8,25.31,22.0
2024,8,24.25,23.0
2024,8,24.84,24.0
2024,8,24.07,25.0
2024,8,23.44,26.0
2024,8,21.52,27.0
2024,8,23.64,28.0
2024,8,23.81,29.0
2024,8,23.86,30.0
2024,8,24.39,31.0
2024,9,24.36,0.0
2024,9,23.53,1.0
2024,9,25.64,2.0
2024,9,24.59,3.0
2024,9,23.9,4.0
2024,9,21.45,5.0
2024,9,23.95,6.0
2024,9,23.75,7.0
2024,9,24.55,8.0
2024,9,24.38,9.0
2024,9,24.27,10.0
2024,9,24.76,11.0
2024,9,23.64,12.0
2024,9,24.65,13.0
2024,9,24.64,14.0
2024,9,23.82,15.0
2024,9,23.65,16.0
2024,9,24.67,17.0
2024,9,24.88,18.0
2024,9,24.78,19.0
2024,9,23.61,20.0
2024,9,23.57,21.0
2024,9,25.24,22.0
2024,9,24.26,23.0
2024,9,24.96,24.0
2024,9,23.89,25.0
2024,9,23.44,26.0
2024,9,21.1,27.0
2024,9,23.52,28.0
2024,9,23.8,29.0
2024,9,24.4,30.0
2024,9,24.49,31.0
2024,10,24.38,0.0
2024,10,23.45,1.0
2024,10,25.47,2.0
2024,10,24.56,3.0
2024,10,23.99,4.0
2024,10,21.45,5.0
2024,10,23.97,6.0
2024,10,23.64,7.0
2024,10,24.5,8.0
2024,10,24.47,9.0
2024,10,24.26,10.0
2024,10,24.93,11.0
2024,10,23.73,12.0
2024,10,24.49,13.0
2024,10,24.73,14.0
2024,10,23.89,15.0
2024,10,23.61,16.0
2024,10,24.83,17.0
2024,10,24.59,18.0
2024,10,24.79,19.0
2024,10,23.62,20.0
2024,10,23.6,21.0
2024,10,25.15,22.0
2024,10,24.34,23.0
2024,10,24.4,24.0
2024,10,23.32,25.0
2024,10,23.34,26.0
2024,10,21.1,27.0
2024,10,23.54,28.0
2024,10,23.69,29.0
2024,10,24.38,30.0
2024,10,24.61,31.0
2024,11,24.37,0.0
2024,11,23.51,1.0
2024,11,25.45,2.0
2024,11,24.47,3.0
2024,11,24.05,4.0
2024,11,21.44,5.0
2024,11,23.9,6.0
2024,11,23.79,7.0
2024,11,24.57,8.0
2024,11,24.89,9.0
2024,11,24.39,10.0
2024,11,24.97,11.0
2024,11,23.79,12.0
2024,11,24.25,13.0
2024,11,24.82,14.0
2024,11,23.95,15.0
2024,11,23.56,16.0
2024,11,25.11,17.0
2024,11,24.53,18.0
2024,11,24.85,19.0
2024,11,23.74,20.0
2024,11,23.72,21.0
2024,11,25.13,22.0
2024,11,24.42,23.0
2024,11,24.56,24.0
2024,11,23.48,25.0
2024,11,23.36,26.0
2024,11,21.45,27.0
2024,11,23.6,28.0
2024,11,23.64,29.0
2024,11,24.23,30.0
2024,11,24.69,31.0
2024,12,24.39,0.0
2024,12,23.61,1.0
2024,12,25.4,2.0
2024,12,24.56,3.0
2024,12,24.1,4.0
2024,12,21.98,5.0
2024,12,24.0,6.0
2024,12,24.03,7.0
2024,12,24.52,8.0
2024,12,25.06,9.0
2024,12,24.42,10.0
2024,12,24.94,11.0
2024,12,23.78,12.0
2024,12,24.17,13.0
2024,12,24.86,14.0
2024,12,23.99,15.0
2024,12,23.64,16.0
2024,12,25.17,17.0
2024,12,24.59,18.0
2024,12,24.95,19.0
2024,12,23.69,20.0
2024,12,23.62,21.0
2024,12,25.08,22.0
2024,12,24.38,23.0
2024,12,24.94,24.0
2024,12,23.88,25.0
2024,12,23.42,26.0
2024,12,21.45,27.0
2024,12,23.57,28.0
2024,12,23.65,29.0
2024,12,23.79,30.0
2024,12,24.79,31.0
2025,1,24.68,0.0
2025,1,23.87,1.0
2025,1,25.42,2.0
2025,1,24.68,3.0
2025,1,24.28,4.0
2025,1,22.33,5.0
2025,1,24.38,6.0
2025,1,24.44,7.0
2025,1,24.79,8.0
2025,1,25.34,9.0
2025,1,24.7,10.0
2025,1,25.22,11.0
2025,1,24.17,12.0
2025,1,24.69,13.0
2025,1,25.12,14.0
2025,1,24.32,15.0
2025,1,24.11,16.0
2025,1,25.55,17.0
2025,1,24.74,18.0
2025,1,25.13,19.0
2025,1,24.01,20.0
2025,1,23.98,21.0
2025,1,25.56,22.0
2025,1,24.72,23.0
2025,1,25.06,24.0
2025,1,23.91,25.0
2025,1,23.72,26.0
2025,1,21.98,27.0
2025,1,23.88,28.0
2025,1,24.1,29.0
2025,1,24.65,30.0
2025,1,25.05,31.0
2025,2,24.7,0.0
2025,2,23.73,1.0
2025,2,25.3,2.0
2025,2,24.64,3.0
2025,2,24.11,4.0
2025,2,22.41,5.0
2025,2,24.26,6.0
2025,2,24.22,7.0
2025,2,24.65,8.0
2025,2,25.0,9.0
2025,2,24.69,10.0
2025,2,25.16,11.0
2025,2,24.03,12.0
2025,2,24.54,13.0
2025,2,25.02,14.0
2025,2,24.23,15.0
2025,2,24.01,16.0
2025,2,25.36,17.0
2025,2,24.66,18.0
2025,2,25.07,19.0
2025,2,23.87,20.0
2025,2,23.92,21.0
2025,2,25.57,22.0
2025,2,24.61,23.0
2025,2,24.76,24.0
2025,2,24.15,25.0
2025,2,23.75,26.0
2025,2,21.97,27.0
2025,2,23.68,28.0
2025,2,24.05,29.0
2025,2,24.44,30.0
2025,2,25.05,31.0
2025,3,24.07,0.0
2025,3,23.35,1.0
2025,3,24.45,2.0
2025,3,24.05,3.0
2025,3,23.93,4.0
2025,3,22.39,5.0
2025,3,23.86,6.0
2025,3,23.67,7.0
2025,3,23.98,8.0
2025,3,24.02,9.0
2025,3,24.05,10.0
2025,3,24.07,11.0
2025,3,23.76,12.0
2025,3,24.04,13.0
2025,3,24.07,14.0
2025,3,23.85,15.0
2025,3,23.76,16.0
2025,3,24.21,17.0
2025,3,24.17,18.0
2025,3,24.17,19.0
2025,3,23.7,20.0
2025,3,23.66,21.0
2025,3,24.85,22.0
2025,3,24.08,23.0
2025,3,23.94,24.0
2025,3,23.44,25.0
2025,3,23.8,26.0
2025,3,21.98,27.0
2025,3,23.55,28.0
2025,3,23.8,29.0
2025,3,24.05,30.0
2025,3,24.18,31.0
2025,4,23.93,0.0
2025,4,23.22,1.0
2025,4,24.29,2.0
2025,4,23.98,3.0
2025,4,23.76,4.0
2025,4,22.42,5.0
2025,4,23.83,6.0
2025,4,23.61,7.0
2025,4,23.9,8.0
2025,4,23.95,9.0
2025,4,23.86,10.0
2025,4,23.92,11.0
2025,4,23.68,12.0
2025,4,23.93,13.0
2025,4,23.93,14.0
2025,4,23.83,15.0
2025,4,23.71,16.0
2025,4,24.02,17.0
2025,4,23.91,18.0
2025,4,24.06,19.0
2025,4,23.65,20.0
2025,4,23.61,21.0
2025,4,24.57,22.0
2025,4,23.98,23.0
2025,4,23.87,24.0
2025,4,23.18,25.0
2025,4,23.8,26.0
2025,4,21.83,27.0
2025,4,23.52,28.0
2025,4,23.79,29.0
2025,4,23.98,30.0
2025,4,24.02,31.0
